Trade Date,Underlying,Product Type,Exchange,Volume
2019/01/02,SPX,I,CBOE,1908353
2019/01/03,SPX,I,CBOE,1529161
2019/01/04,SPX,I,CBOE,1876840
2019/01/07,SPX,I,CBOE,1230169
2019/01/08,SPX,I,CBOE,1472414
2019/01/09,SPX,I,CBOE,1389464
2019/01/10,SPX,I,CBOE,1386019
2019/01/11,SPX,I,CBOE,1633653
2019/01/14,SPX,I,CBOE,990409
2019/01/15,SPX,I,CBOE,1492248
2019/01/16,SPX,I,CBOE,1611362
2019/01/17,SPX,I,CBOE,1281654
2019/01/18,SPX,I,CBOE,2031192
2019/01/22,SPX,I,CBOE,1401680
2019/01/23,SPX,I,CBOE,1047916
2019/01/24,SPX,I,CBOE,805650
2019/01/25,SPX,I,CBOE,1204877
2019/01/28,SPX,I,CBOE,1099603
2019/01/29,SPX,I,CBOE,675601
2019/01/30,SPX,I,CBOE,1252791
2019/01/31,SPX,I,CBOE,1448797
2019/02/01,SPX,I,CBOE,1576455
2019/02/04,SPX,I,CBOE,932685
2019/02/05,SPX,I,CBOE,1113469
2019/02/06,SPX,I,CBOE,1216308
2019/02/07,SPX,I,CBOE,1347080
2019/02/08,SPX,I,CBOE,1202744
2019/02/11,SPX,I,CBOE,1002005
2019/02/12,SPX,I,CBOE,1056382
2019/02/13,SPX,I,CBOE,1488157
2019/02/14,SPX,I,CBOE,1314426
2019/02/15,SPX,I,CBOE,1267317
2019/02/19,SPX,I,CBOE,921948
2019/02/20,SPX,I,CBOE,921304
2019/02/21,SPX,I,CBOE,1179831
2019/02/22,SPX,I,CBOE,1162690
2019/02/25,SPX,I,CBOE,1155162
2019/02/26,SPX,I,CBOE,1098698
2019/02/27,SPX,I,CBOE,883751
2019/02/28,SPX,I,CBOE,1125817
2019/03/01,SPX,I,CBOE,1211480
2019/03/04,SPX,I,CBOE,1422585
2019/03/05,SPX,I,CBOE,946492
2019/03/06,SPX,I,CBOE,1091714
2019/03/07,SPX,I,CBOE,1407470
2019/03/08,SPX,I,CBOE,1542360
2019/03/11,SPX,I,CBOE,1215273
2019/03/12,SPX,I,CBOE,1079835
2019/03/13,SPX,I,CBOE,1633749
2019/03/14,SPX,I,CBOE,1156541
2019/03/15,SPX,I,CBOE,1497325
2019/03/18,SPX,I,CBOE,1189424
2019/03/19,SPX,I,CBOE,1348486
2019/03/20,SPX,I,CBOE,1207138
2019/03/21,SPX,I,CBOE,938363
2019/03/22,SPX,I,CBOE,1511752
2019/03/25,SPX,I,CBOE,1079157
2019/03/26,SPX,I,CBOE,955503
2019/03/27,SPX,I,CBOE,1078170
2019/03/28,SPX,I,CBOE,913643
2019/03/29,SPX,I,CBOE,1227661
2019/04/01,SPX,I,CBOE,1387690
2019/04/02,SPX,I,CBOE,926033
2019/04/03,SPX,I,CBOE,1454927
2019/04/04,SPX,I,CBOE,892942
2019/04/05,SPX,I,CBOE,1161272
2019/04/08,SPX,I,CBOE,954771
2019/04/09,SPX,I,CBOE,1052623
2019/04/10,SPX,I,CBOE,788829
2019/04/11,SPX,I,CBOE,661006
2019/04/12,SPX,I,CBOE,1178276
2019/04/15,SPX,I,CBOE,1033367
2019/04/16,SPX,I,CBOE,979510
2019/04/17,SPX,I,CBOE,1645948
2019/04/18,SPX,I,CBOE,1272593
2019/04/22,SPX,I,CBOE,1043719
2019/04/23,SPX,I,CBOE,1214605
2019/04/24,SPX,I,CBOE,1072274
2019/04/25,SPX,I,CBOE,947150
2019/04/26,SPX,I,CBOE,1064394
2019/04/29,SPX,I,CBOE,1216336
2019/04/30,SPX,I,CBOE,1241584
2019/05/01,SPX,I,CBOE,1322899
2019/05/02,SPX,I,CBOE,1323115
2019/05/03,SPX,I,CBOE,1248115
2019/05/06,SPX,I,CBOE,1469977
2019/05/07,SPX,I,CBOE,1830605
2019/05/08,SPX,I,CBOE,1318994
2019/05/09,SPX,I,CBOE,1699488
2019/05/10,SPX,I,CBOE,1804397
2019/05/13,SPX,I,CBOE,1824098
2019/05/14,SPX,I,CBOE,1320466
2019/05/15,SPX,I,CBOE,1235690
2019/05/16,SPX,I,CBOE,1506252
2019/05/17,SPX,I,CBOE,1412629
2019/05/20,SPX,I,CBOE,979503
2019/05/21,SPX,I,CBOE,903210
2019/05/22,SPX,I,CBOE,1129678
2019/05/23,SPX,I,CBOE,1475040
2019/05/24,SPX,I,CBOE,1094276
2019/05/28,SPX,I,CBOE,1202719
2019/05/29,SPX,I,CBOE,2027110
2019/05/30,SPX,I,CBOE,1204895
2019/05/31,SPX,I,CBOE,1929272
2019/06/03,SPX,I,CBOE,1524556
2019/06/04,SPX,I,CBOE,1254795
2019/06/05,SPX,I,CBOE,1276123
2019/06/06,SPX,I,CBOE,1115713
2019/06/07,SPX,I,CBOE,1683457
2019/06/10,SPX,I,CBOE,1228196
2019/06/11,SPX,I,CBOE,1056381
2019/06/12,SPX,I,CBOE,1040454
2019/06/13,SPX,I,CBOE,850799
2019/06/14,SPX,I,CBOE,1066760
2019/06/17,SPX,I,CBOE,1034509
2019/06/18,SPX,I,CBOE,1538375
2019/06/19,SPX,I,CBOE,1551578
2019/06/20,SPX,I,CBOE,2151210
2019/06/21,SPX,I,CBOE,1539895
2019/06/24,SPX,I,CBOE,1006574
2019/06/25,SPX,I,CBOE,1379771
2019/06/26,SPX,I,CBOE,1067647
2019/06/27,SPX,I,CBOE,925541
2019/06/28,SPX,I,CBOE,1412557
2019/07/01,SPX,I,CBOE,1495629
2019/07/02,SPX,I,CBOE,1058281
2019/07/03,SPX,I,CBOE,1031323
2019/07/05,SPX,I,CBOE,1378297
2019/07/08,SPX,I,CBOE,1336825
2019/07/09,SPX,I,CBOE,753150
2019/07/10,SPX,I,CBOE,1194265
2019/07/11,SPX,I,CBOE,977591
2019/07/12,SPX,I,CBOE,1242991
2019/07/15,SPX,I,CBOE,1194013
2019/07/16,SPX,I,CBOE,1154007
2019/07/17,SPX,I,CBOE,1266652
2019/07/18,SPX,I,CBOE,1368772
2019/07/19,SPX,I,CBOE,1587886
2019/07/22,SPX,I,CBOE,1024278
2019/07/23,SPX,I,CBOE,803659
2019/07/24,SPX,I,CBOE,1209158
2019/07/25,SPX,I,CBOE,841538
2019/07/26,SPX,I,CBOE,1054584
2019/07/29,SPX,I,CBOE,878880
2019/07/30,SPX,I,CBOE,932111
2019/07/31,SPX,I,CBOE,1290613
2019/08/01,SPX,I,CBOE,1646836
2019/08/02,SPX,I,CBOE,1981325
2019/08/05,SPX,I,CBOE,2608649
2019/08/06,SPX,I,CBOE,1726580
2019/08/07,SPX,I,CBOE,1500141
2019/08/08,SPX,I,CBOE,1287934
2019/08/09,SPX,I,CBOE,1424716
2019/08/12,SPX,I,CBOE,1187774
2019/08/13,SPX,I,CBOE,1295893
2019/08/14,SPX,I,CBOE,2160537
2019/08/15,SPX,I,CBOE,1492053
2019/08/16,SPX,I,CBOE,1690527
2019/08/19,SPX,I,CBOE,1259932
2019/08/20,SPX,I,CBOE,871575
2019/08/21,SPX,I,CBOE,1289509
2019/08/22,SPX,I,CBOE,896428
2019/08/23,SPX,I,CBOE,1935602
2019/08/26,SPX,I,CBOE,1328843
2019/08/27,SPX,I,CBOE,1067573
2019/08/28,SPX,I,CBOE,1311382
2019/08/29,SPX,I,CBOE,1207405
2019/08/30,SPX,I,CBOE,1574099
2019/09/03,SPX,I,CBOE,1193796
2019/09/04,SPX,I,CBOE,1256784
2019/09/05,SPX,I,CBOE,1512084
2019/09/06,SPX,I,CBOE,1382765
2019/09/09,SPX,I,CBOE,1314627
2019/09/10,SPX,I,CBOE,1020916
2019/09/11,SPX,I,CBOE,1229483
2019/09/12,SPX,I,CBOE,1428434
2019/09/13,SPX,I,CBOE,1380293
2019/09/16,SPX,I,CBOE,1209834
2019/09/17,SPX,I,CBOE,1069458
2019/09/18,SPX,I,CBOE,1798682
2019/09/19,SPX,I,CBOE,1555601
2019/09/20,SPX,I,CBOE,1590547
2019/09/23,SPX,I,CBOE,1130127
2019/09/24,SPX,I,CBOE,1517460
2019/09/25,SPX,I,CBOE,1314164
2019/09/26,SPX,I,CBOE,938938
2019/09/27,SPX,I,CBOE,1845645
2019/09/30,SPX,I,CBOE,1230528
2019/10/01,SPX,I,CBOE,1219135
2019/10/02,SPX,I,CBOE,2268911
2019/10/03,SPX,I,CBOE,1548854
2019/10/04,SPX,I,CBOE,1454485
2019/10/07,SPX,I,CBOE,1111105
2019/10/08,SPX,I,CBOE,1198935
2019/10/09,SPX,I,CBOE,1081885
2019/10/10,SPX,I,CBOE,1247506
2019/10/11,SPX,I,CBOE,1740835
2019/10/14,SPX,I,CBOE,1168691
2019/10/15,SPX,I,CBOE,1395234
2019/10/16,SPX,I,CBOE,1565278
2019/10/17,SPX,I,CBOE,1211002
2019/10/18,SPX,I,CBOE,1438673
2019/10/21,SPX,I,CBOE,965133
2019/10/22,SPX,I,CBOE,827746
2019/10/23,SPX,I,CBOE,937595
2019/10/24,SPX,I,CBOE,809116
2019/10/25,SPX,I,CBOE,1146293
2019/10/28,SPX,I,CBOE,1274521
2019/10/29,SPX,I,CBOE,978508
2019/10/30,SPX,I,CBOE,1159561
2019/10/31,SPX,I,CBOE,1534990
2019/11/01,SPX,I,CBOE,1427494
2019/11/04,SPX,I,CBOE,1264613
2019/11/05,SPX,I,CBOE,890924
2019/11/06,SPX,I,CBOE,909124
2019/11/07,SPX,I,CBOE,1147593
2019/11/08,SPX,I,CBOE,1057437
2019/11/11,SPX,I,CBOE,915165
2019/11/12,SPX,I,CBOE,989489
2019/11/13,SPX,I,CBOE,1226101
2019/11/14,SPX,I,CBOE,1149675
2019/11/15,SPX,I,CBOE,1494013
2019/11/18,SPX,I,CBOE,1101313
2019/11/19,SPX,I,CBOE,877794
2019/11/20,SPX,I,CBOE,1472213
2019/11/21,SPX,I,CBOE,924841
2019/11/22,SPX,I,CBOE,1083221
2019/11/25,SPX,I,CBOE,1144448
2019/11/26,SPX,I,CBOE,903052
2019/11/27,SPX,I,CBOE,1416099
2019/11/29,SPX,I,CBOE,855376
2019/12/02,SPX,I,CBOE,1604982
2019/12/03,SPX,I,CBOE,1387649
2019/12/04,SPX,I,CBOE,1168337
2019/12/05,SPX,I,CBOE,725786
2019/12/06,SPX,I,CBOE,1465933
2019/12/09,SPX,I,CBOE,1151923
2019/12/10,SPX,I,CBOE,963563
2019/12/11,SPX,I,CBOE,1024104
2019/12/12,SPX,I,CBOE,1424371
2019/12/13,SPX,I,CBOE,1845066
2019/12/16,SPX,I,CBOE,1830937
2019/12/17,SPX,I,CBOE,1126811
2019/12/18,SPX,I,CBOE,1252603
2019/12/19,SPX,I,CBOE,1318189
2019/12/20,SPX,I,CBOE,1781766
2019/12/23,SPX,I,CBOE,1055240
2019/12/24,SPX,I,CBOE,449503
2019/12/26,SPX,I,CBOE,693793
2019/12/27,SPX,I,CBOE,1222065
2019/12/30,SPX,I,CBOE,1220065
2019/12/31,SPX,I,CBOE,1409904
2020/01/02,SPX,I,CBOE,1106409
2020/01/03,SPX,I,CBOE,1510535
2020/01/06,SPX,I,CBOE,1283496
2020/01/07,SPX,I,CBOE,985736
2020/01/08,SPX,I,CBOE,1513507
2020/01/09,SPX,I,CBOE,1290156
2020/01/10,SPX,I,CBOE,1512322
2020/01/13,SPX,I,CBOE,1407264
2020/01/14,SPX,I,CBOE,1225993
2020/01/15,SPX,I,CBOE,1458100
2020/01/16,SPX,I,CBOE,1502310
2020/01/17,SPX,I,CBOE,1611597
2020/01/21,SPX,I,CBOE,1135012
2020/01/22,SPX,I,CBOE,1416323
2020/01/23,SPX,I,CBOE,1071675
2020/01/24,SPX,I,CBOE,1834561
2020/01/27,SPX,I,CBOE,1760260
2020/01/28,SPX,I,CBOE,1069114
2020/01/29,SPX,I,CBOE,1188194
2020/01/30,SPX,I,CBOE,1197739
2020/01/31,SPX,I,CBOE,1952245
2020/02/03,SPX,I,CBOE,1243207
2020/02/04,SPX,I,CBOE,1365599
2020/02/05,SPX,I,CBOE,1405348
2020/02/06,SPX,I,CBOE,1176412
2020/02/07,SPX,I,CBOE,1412458
2020/02/10,SPX,I,CBOE,1207827
2020/02/11,SPX,I,CBOE,1466025
2020/02/12,SPX,I,CBOE,1369570
2020/02/13,SPX,I,CBOE,1176392
2020/02/14,SPX,I,CBOE,1325018
2020/02/18,SPX,I,CBOE,1631462
2020/02/19,SPX,I,CBOE,1666383
2020/02/20,SPX,I,CBOE,1634614
2020/02/21,SPX,I,CBOE,1782449
2020/02/24,SPX,I,CBOE,2761070
2020/02/25,SPX,I,CBOE,2382994
2020/02/26,SPX,I,CBOE,2538884
2020/02/27,SPX,I,CBOE,2833002
2020/02/28,SPX,I,CBOE,3594437
2020/03/02,SPX,I,CBOE,2289135
2020/03/03,SPX,I,CBOE,1582850
2020/03/04,SPX,I,CBOE,2085874
2020/03/05,SPX,I,CBOE,1511953
2020/03/06,SPX,I,CBOE,2446350
2020/03/09,SPX,I,CBOE,2349556
2020/03/10,SPX,I,CBOE,2084985
2020/03/11,SPX,I,CBOE,2173220
2020/03/12,SPX,I,CBOE,3043565
2020/03/13,SPX,I,CBOE,3212605
2020/03/16,SPX,I,CBOE,1905334
2020/03/17,SPX,I,CBOE,1978088
2020/03/18,SPX,I,CBOE,2516199
2020/03/19,SPX,I,CBOE,1870309
2020/03/20,SPX,I,CBOE,1743467
2020/03/23,SPX,I,CBOE,1599108
2020/03/24,SPX,I,CBOE,1531024
2020/03/25,SPX,I,CBOE,1756980
2020/03/26,SPX,I,CBOE,1408481
2020/03/27,SPX,I,CBOE,1434371
2020/03/30,SPX,I,CBOE,1311627
2020/03/31,SPX,I,CBOE,1586035
2020/04/01,SPX,I,CBOE,1448588
2020/04/02,SPX,I,CBOE,1146722
2020/04/03,SPX,I,CBOE,1388454
2020/04/06,SPX,I,CBOE,1436783
2020/04/07,SPX,I,CBOE,1327009
2020/04/08,SPX,I,CBOE,1277747
2020/04/09,SPX,I,CBOE,1425991
2020/04/13,SPX,I,CBOE,1020637
2020/04/14,SPX,I,CBOE,1262028
2020/04/15,SPX,I,CBOE,1355906
2020/04/16,SPX,I,CBOE,1062073
2020/04/17,SPX,I,CBOE,1266141
2020/04/20,SPX,I,CBOE,1076630
2020/04/21,SPX,I,CBOE,887723
2020/04/22,SPX,I,CBOE,857801
2020/04/23,SPX,I,CBOE,845101
2020/04/24,SPX,I,CBOE,1126153
2020/04/27,SPX,I,CBOE,1083875
2020/04/28,SPX,I,CBOE,833758
2020/04/29,SPX,I,CBOE,1277455
2020/04/30,SPX,I,CBOE,1118639
2020/05/01,SPX,I,CBOE,1357973
2020/05/04,SPX,I,CBOE,977433
2020/05/05,SPX,I,CBOE,859837
2020/05/06,SPX,I,CBOE,911180
2020/05/07,SPX,I,CBOE,834903
2020/05/08,SPX,I,CBOE,1098352
2020/05/11,SPX,I,CBOE,1128951
2020/05/12,SPX,I,CBOE,977368
2020/05/13,SPX,I,CBOE,1649254
2020/05/14,SPX,I,CBOE,1212465
2020/05/15,SPX,I,CBOE,1127602
2020/05/18,SPX,I,CBOE,1213466
2020/05/19,SPX,I,CBOE,797700
2020/05/20,SPX,I,CBOE,1051813
2020/05/21,SPX,I,CBOE,702781
2020/05/22,SPX,I,CBOE,972858
2020/05/26,SPX,I,CBOE,1203259
2020/05/27,SPX,I,CBOE,1258974
2020/05/28,SPX,I,CBOE,1163402
2020/05/29,SPX,I,CBOE,1248127
2020/06/01,SPX,I,CBOE,916650
2020/06/02,SPX,I,CBOE,887477
2020/06/03,SPX,I,CBOE,1564498
2020/06/04,SPX,I,CBOE,890220
2020/06/05,SPX,I,CBOE,1905712
2020/06/08,SPX,I,CBOE,1265543
2020/06/09,SPX,I,CBOE,924720
2020/06/10,SPX,I,CBOE,1127872
2020/06/11,SPX,I,CBOE,1729308
2020/06/12,SPX,I,CBOE,1714930
2020/06/15,SPX,I,CBOE,1382628
2020/06/16,SPX,I,CBOE,1080960
2020/06/17,SPX,I,CBOE,1119489
2020/06/18,SPX,I,CBOE,993691
2020/06/19,SPX,I,CBOE,1430437
2020/06/22,SPX,I,CBOE,968440
2020/06/23,SPX,I,CBOE,731581
2020/06/24,SPX,I,CBOE,1344527
2020/06/25,SPX,I,CBOE,780887
2020/06/26,SPX,I,CBOE,1436035
2020/06/29,SPX,I,CBOE,1057757
2020/06/30,SPX,I,CBOE,1492996
2020/07/01,SPX,I,CBOE,1059219
2020/07/02,SPX,I,CBOE,1294340
2020/07/06,SPX,I,CBOE,915792
2020/07/07,SPX,I,CBOE,698605
2020/07/08,SPX,I,CBOE,967466
2020/07/09,SPX,I,CBOE,725111
2020/07/10,SPX,I,CBOE,1052258
2020/07/13,SPX,I,CBOE,1452339
2020/07/14,SPX,I,CBOE,823962
2020/07/15,SPX,I,CBOE,1190113
2020/07/16,SPX,I,CBOE,828912
2020/07/17,SPX,I,CBOE,974113
2020/07/20,SPX,I,CBOE,949870
2020/07/21,SPX,I,CBOE,806143
2020/07/22,SPX,I,CBOE,990070
2020/07/23,SPX,I,CBOE,809810
2020/07/24,SPX,I,CBOE,1056790
2020/07/27,SPX,I,CBOE,769215
2020/07/28,SPX,I,CBOE,575010
2020/07/29,SPX,I,CBOE,840061
2020/07/30,SPX,I,CBOE,717868
2020/07/31,SPX,I,CBOE,1192497
2020/08/03,SPX,I,CBOE,1064403
2020/08/04,SPX,I,CBOE,756481
2020/08/05,SPX,I,CBOE,962465
2020/08/06,SPX,I,CBOE,807287
2020/08/07,SPX,I,CBOE,1065907
2020/08/10,SPX,I,CBOE,938975
2020/08/11,SPX,I,CBOE,804018
2020/08/12,SPX,I,CBOE,1045214
2020/08/13,SPX,I,CBOE,730387
2020/08/14,SPX,I,CBOE,1004450
2020/08/17,SPX,I,CBOE,759105
2020/08/18,SPX,I,CBOE,731352
2020/08/19,SPX,I,CBOE,1153039
2020/08/20,SPX,I,CBOE,930152
2020/08/21,SPX,I,CBOE,1026406
2020/08/24,SPX,I,CBOE,1049791
2020/08/25,SPX,I,CBOE,794127
2020/08/26,SPX,I,CBOE,1434784
2020/08/27,SPX,I,CBOE,1102419
2020/08/28,SPX,I,CBOE,1191916
2020/08/31,SPX,I,CBOE,1169475
2020/09/01,SPX,I,CBOE,782497
2020/09/02,SPX,I,CBOE,1657133
2020/09/03,SPX,I,CBOE,1367147
2020/09/04,SPX,I,CBOE,1734739
2020/09/08,SPX,I,CBOE,1200334
2020/09/09,SPX,I,CBOE,1186926
2020/09/10,SPX,I,CBOE,1050972
2020/09/11,SPX,I,CBOE,1363624
2020/09/14,SPX,I,CBOE,1111770
2020/09/15,SPX,I,CBOE,834434
2020/09/16,SPX,I,CBOE,1102472
2020/09/17,SPX,I,CBOE,1225004
2020/09/18,SPX,I,CBOE,1345753
2020/09/21,SPX,I,CBOE,1350398
2020/09/22,SPX,I,CBOE,889832
2020/09/23,SPX,I,CBOE,1252740
2020/09/24,SPX,I,CBOE,963222
2020/09/25,SPX,I,CBOE,1260176
2020/09/28,SPX,I,CBOE,988202
2020/09/29,SPX,I,CBOE,647019
2020/09/30,SPX,I,CBOE,1397219
2020/10/01,SPX,I,CBOE,786989
2020/10/02,SPX,I,CBOE,1058187
2020/10/05,SPX,I,CBOE,918565
2020/10/06,SPX,I,CBOE,870237
2020/10/07,SPX,I,CBOE,954862
2020/10/08,SPX,I,CBOE,790275
2020/10/09,SPX,I,CBOE,1210390
2020/10/12,SPX,I,CBOE,1335353
2020/10/13,SPX,I,CBOE,866935
2020/10/14,SPX,I,CBOE,1023889
2020/10/15,SPX,I,CBOE,1019624
2020/10/16,SPX,I,CBOE,1088592
2020/10/19,SPX,I,CBOE,1206759
2020/10/20,SPX,I,CBOE,658462
2020/10/21,SPX,I,CBOE,946291
2020/10/22,SPX,I,CBOE,734503
2020/10/23,SPX,I,CBOE,977431
2020/10/26,SPX,I,CBOE,1351809
2020/10/27,SPX,I,CBOE,770387
2020/10/28,SPX,I,CBOE,1717025
2020/10/29,SPX,I,CBOE,987655
2020/10/30,SPX,I,CBOE,1578750
2020/11/02,SPX,I,CBOE,1082474
2020/11/03,SPX,I,CBOE,889114
2020/11/04,SPX,I,CBOE,1328844
2020/11/05,SPX,I,CBOE,1165203
2020/11/06,SPX,I,CBOE,1231592
2020/11/09,SPX,I,CBOE,1578479
2020/11/10,SPX,I,CBOE,901009
2020/11/11,SPX,I,CBOE,962237
2020/11/12,SPX,I,CBOE,881732
2020/11/13,SPX,I,CBOE,1150953
2020/11/16,SPX,I,CBOE,1112660
2020/11/17,SPX,I,CBOE,816929
2020/11/18,SPX,I,CBOE,1214814
2020/11/19,SPX,I,CBOE,957616
2020/11/20,SPX,I,CBOE,1074393
2020/11/23,SPX,I,CBOE,1017373
2020/11/24,SPX,I,CBOE,1009269
2020/11/25,SPX,I,CBOE,863674
2020/11/27,SPX,I,CBOE,673445
2020/11/30,SPX,I,CBOE,1168431
2020/12/01,SPX,I,CBOE,908435
2020/12/02,SPX,I,CBOE,1000886
2020/12/03,SPX,I,CBOE,765057
2020/12/04,SPX,I,CBOE,1135588
2020/12/07,SPX,I,CBOE,1000884
2020/12/08,SPX,I,CBOE,906731
2020/12/09,SPX,I,CBOE,1399703
2020/12/10,SPX,I,CBOE,849456
2020/12/11,SPX,I,CBOE,1531667
2020/12/14,SPX,I,CBOE,1439251
2020/12/15,SPX,I,CBOE,1046135
2020/12/16,SPX,I,CBOE,1201601
2020/12/17,SPX,I,CBOE,1059756
2020/12/18,SPX,I,CBOE,1346333
2020/12/21,SPX,I,CBOE,1378753
2020/12/22,SPX,I,CBOE,720464
2020/12/23,SPX,I,CBOE,918567
2020/12/24,SPX,I,CBOE,651934
2020/12/28,SPX,I,CBOE,988750
2020/12/29,SPX,I,CBOE,858657
2020/12/30,SPX,I,CBOE,923586
2020/12/31,SPX,I,CBOE,1614822
2021/01/04,SPX,I,CBOE,1528320
2021/01/05,SPX,I,CBOE,831214
2021/01/06,SPX,I,CBOE,1483014
2021/01/07,SPX,I,CBOE,1066347
2021/01/08,SPX,I,CBOE,1369681
2021/01/11,SPX,I,CBOE,1151253
2021/01/12,SPX,I,CBOE,901070
2021/01/13,SPX,I,CBOE,1281136
2021/01/14,SPX,I,CBOE,1188535
2021/01/15,SPX,I,CBOE,1548832
2021/01/19,SPX,I,CBOE,1113233
2021/01/20,SPX,I,CBOE,1496812
2021/01/21,SPX,I,CBOE,908362
2021/01/22,SPX,I,CBOE,1015906
2021/01/25,SPX,I,CBOE,1361730
2021/01/26,SPX,I,CBOE,800391
2021/01/27,SPX,I,CBOE,1570398
2021/01/28,SPX,I,CBOE,1145430
2021/01/29,SPX,I,CBOE,1692073
2021/02/01,SPX,I,CBOE,1317460
2021/02/02,SPX,I,CBOE,1124185
2021/02/03,SPX,I,CBOE,1125913
2021/02/04,SPX,I,CBOE,883872
2021/02/05,SPX,I,CBOE,1359296
2021/02/08,SPX,I,CBOE,1112080
2021/02/09,SPX,I,CBOE,901034
2021/02/10,SPX,I,CBOE,1206509
2021/02/11,SPX,I,CBOE,906437
2021/02/12,SPX,I,CBOE,1233246
2021/02/16,SPX,I,CBOE,1295953
2021/02/17,SPX,I,CBOE,1344735
2021/02/18,SPX,I,CBOE,1244499
2021/02/19,SPX,I,CBOE,1454761
2021/02/22,SPX,I,CBOE,1156860
2021/02/23,SPX,I,CBOE,1098466
2021/02/24,SPX,I,CBOE,1296841
2021/02/25,SPX,I,CBOE,1296246
2021/02/26,SPX,I,CBOE,1730897
2021/03/01,SPX,I,CBOE,1361132
2021/03/02,SPX,I,CBOE,867584
2021/03/03,SPX,I,CBOE,1165317
2021/03/04,SPX,I,CBOE,1444260
2021/03/05,SPX,I,CBOE,1706885
2021/03/08,SPX,I,CBOE,1324586
2021/03/09,SPX,I,CBOE,1010344
2021/03/10,SPX,I,CBOE,1078502
2021/03/11,SPX,I,CBOE,1183063
2021/03/12,SPX,I,CBOE,1167034
2021/03/15,SPX,I,CBOE,1324424
2021/03/16,SPX,I,CBOE,1061116
2021/03/17,SPX,I,CBOE,1257802
2021/03/18,SPX,I,CBOE,1060308
2021/03/19,SPX,I,CBOE,1359122
2021/03/22,SPX,I,CBOE,1141013
2021/03/23,SPX,I,CBOE,927621
2021/03/24,SPX,I,CBOE,1149682
2021/03/25,SPX,I,CBOE,1073619
2021/03/26,SPX,I,CBOE,1544712
2021/03/29,SPX,I,CBOE,1299562
2021/03/30,SPX,I,CBOE,811276
2021/03/31,SPX,I,CBOE,1487341
2021/04/01,SPX,I,CBOE,1365998
2021/04/05,SPX,I,CBOE,1591101
2021/04/06,SPX,I,CBOE,921952
2021/04/07,SPX,I,CBOE,1142408
2021/04/08,SPX,I,CBOE,964660
2021/04/09,SPX,I,CBOE,1456663
2021/04/12,SPX,I,CBOE,1240161
2021/04/13,SPX,I,CBOE,925051
2021/04/14,SPX,I,CBOE,1347713
2021/04/15,SPX,I,CBOE,1233555
2021/04/16,SPX,I,CBOE,1359704
2021/04/19,SPX,I,CBOE,1265701
2021/04/20,SPX,I,CBOE,1005581
2021/04/21,SPX,I,CBOE,1153619
2021/04/22,SPX,I,CBOE,1083418
2021/04/23,SPX,I,CBOE,1355224
2021/04/26,SPX,I,CBOE,1013736
2021/04/27,SPX,I,CBOE,616520
2021/04/28,SPX,I,CBOE,1058626
2021/04/29,SPX,I,CBOE,1082263
2021/04/30,SPX,I,CBOE,1393005
2021/05/03,SPX,I,CBOE,1187813
2021/05/04,SPX,I,CBOE,1300490
2021/05/05,SPX,I,CBOE,1249537
2021/05/06,SPX,I,CBOE,1014425
2021/05/07,SPX,I,CBOE,1742465
2021/05/10,SPX,I,CBOE,1486727
2021/05/11,SPX,I,CBOE,1364593
2021/05/12,SPX,I,CBOE,1839402
2021/05/13,SPX,I,CBOE,1285537
2021/05/14,SPX,I,CBOE,1692814
2021/05/17,SPX,I,CBOE,1274219
2021/05/18,SPX,I,CBOE,1078086
2021/05/19,SPX,I,CBOE,1733248
2021/05/20,SPX,I,CBOE,1275143
2021/05/21,SPX,I,CBOE,1429443
2021/05/24,SPX,I,CBOE,1332469
2021/05/25,SPX,I,CBOE,985957
2021/05/26,SPX,I,CBOE,1047242
2021/05/27,SPX,I,CBOE,877578
2021/05/28,SPX,I,CBOE,1274440
2021/06/01,SPX,I,CBOE,1275466
2021/06/02,SPX,I,CBOE,1080290
2021/06/03,SPX,I,CBOE,870505
2021/06/04,SPX,I,CBOE,1393008
2021/06/07,SPX,I,CBOE,1022654
2021/06/08,SPX,I,CBOE,985694
2021/06/09,SPX,I,CBOE,1086663
2021/06/10,SPX,I,CBOE,1205043
2021/06/11,SPX,I,CBOE,1497083
2021/06/14,SPX,I,CBOE,1407267
2021/06/15,SPX,I,CBOE,886432
2021/06/16,SPX,I,CBOE,1669553
2021/06/17,SPX,I,CBOE,1537307
2021/06/18,SPX,I,CBOE,2015087
2021/06/21,SPX,I,CBOE,1693191
2021/06/22,SPX,I,CBOE,1152590
2021/06/23,SPX,I,CBOE,1217717
2021/06/24,SPX,I,CBOE,995191
2021/06/25,SPX,I,CBOE,1393077
2021/06/28,SPX,I,CBOE,1215824
2021/06/29,SPX,I,CBOE,912675
2021/06/30,SPX,I,CBOE,1591473
2021/07/01,SPX,I,CBOE,1136802
2021/07/02,SPX,I,CBOE,1671132
2021/07/06,SPX,I,CBOE,1646997
2021/07/07,SPX,I,CBOE,1361510
2021/07/08,SPX,I,CBOE,1260626
2021/07/09,SPX,I,CBOE,1570643
2021/07/12,SPX,I,CBOE,1434088
2021/07/13,SPX,I,CBOE,1152022
2021/07/14,SPX,I,CBOE,1537736
2021/07/15,SPX,I,CBOE,1253949
2021/07/16,SPX,I,CBOE,1703861
2021/07/19,SPX,I,CBOE,2169961
2021/07/20,SPX,I,CBOE,1115495
2021/07/21,SPX,I,CBOE,1351989
2021/07/22,SPX,I,CBOE,825208
2021/07/23,SPX,I,CBOE,1737479
2021/07/26,SPX,I,CBOE,1225025
2021/07/27,SPX,I,CBOE,894559
2021/07/28,SPX,I,CBOE,1115109
2021/07/29,SPX,I,CBOE,906512
2021/07/30,SPX,I,CBOE,1437964
2021/08/02,SPX,I,CBOE,1368297
2021/08/03,SPX,I,CBOE,916385
2021/08/04,SPX,I,CBOE,1068095
2021/08/05,SPX,I,CBOE,844745
2021/08/06,SPX,I,CBOE,1418965
2021/08/09,SPX,I,CBOE,1220547
2021/08/10,SPX,I,CBOE,839990
2021/08/11,SPX,I,CBOE,1339203
2021/08/12,SPX,I,CBOE,1012164
2021/08/13,SPX,I,CBOE,1369746
2021/08/16,SPX,I,CBOE,1632441
2021/08/17,SPX,I,CBOE,1390381
2021/08/18,SPX,I,CBOE,1718936
2021/08/19,SPX,I,CBOE,1625251
2021/08/20,SPX,I,CBOE,1602568
2021/08/23,SPX,I,CBOE,1578001
2021/08/24,SPX,I,CBOE,851453
2021/08/25,SPX,I,CBOE,1208985
2021/08/26,SPX,I,CBOE,1021848
2021/08/27,SPX,I,CBOE,1512561
2021/08/30,SPX,I,CBOE,1509677
2021/08/31,SPX,I,CBOE,1127149
2021/09/01,SPX,I,CBOE,1237933
2021/09/02,SPX,I,CBOE,901321
2021/09/03,SPX,I,CBOE,1476971
2021/09/07,SPX,I,CBOE,1566709
2021/09/08,SPX,I,CBOE,1575243
2021/09/09,SPX,I,CBOE,1083609
2021/09/10,SPX,I,CBOE,2196490
2021/09/13,SPX,I,CBOE,2045803
2021/09/14,SPX,I,CBOE,1391548
2021/09/15,SPX,I,CBOE,1999706
2021/09/16,SPX,I,CBOE,1433176
2021/09/17,SPX,I,CBOE,1984356
2021/09/20,SPX,I,CBOE,2617269
2021/09/21,SPX,I,CBOE,1315403
2021/09/22,SPX,I,CBOE,1636082
2021/09/23,SPX,I,CBOE,1510852
2021/09/24,SPX,I,CBOE,1547646
2021/09/27,SPX,I,CBOE,1510940
2021/09/28,SPX,I,CBOE,1820052
2021/09/29,SPX,I,CBOE,1640791
2021/09/30,SPX,I,CBOE,2437827
2021/10/01,SPX,I,CBOE,2277420
2021/10/04,SPX,I,CBOE,1876180
2021/10/05,SPX,I,CBOE,1375728
2021/10/06,SPX,I,CBOE,2026376
2021/10/07,SPX,I,CBOE,1411130
2021/10/08,SPX,I,CBOE,1555459
2021/10/11,SPX,I,CBOE,1565721
2021/10/12,SPX,I,CBOE,1042810
2021/10/13,SPX,I,CBOE,1573546
2021/10/14,SPX,I,CBOE,1652033
2021/10/15,SPX,I,CBOE,1793111
2021/10/18,SPX,I,CBOE,1660715
2021/10/19,SPX,I,CBOE,1269879
2021/10/20,SPX,I,CBOE,1588101
2021/10/21,SPX,I,CBOE,982918
2021/10/22,SPX,I,CBOE,1698070
2021/10/25,SPX,I,CBOE,1326137
2021/10/26,SPX,I,CBOE,1447613
2021/10/27,SPX,I,CBOE,1571032
2021/10/28,SPX,I,CBOE,973331
2021/10/29,SPX,I,CBOE,1707933
2021/11/01,SPX,I,CBOE,1460816
2021/11/02,SPX,I,CBOE,1118159
2021/11/03,SPX,I,CBOE,1490567
2021/11/04,SPX,I,CBOE,1660654
2021/11/05,SPX,I,CBOE,2339817
2021/11/08,SPX,I,CBOE,1304505
2021/11/09,SPX,I,CBOE,1170325
2021/11/10,SPX,I,CBOE,1847516
2021/11/11,SPX,I,CBOE,971770
2021/11/12,SPX,I,CBOE,1894642
2021/11/15,SPX,I,CBOE,1635241
2021/11/16,SPX,I,CBOE,1254400
2021/11/17,SPX,I,CBOE,1437199
2021/11/18,SPX,I,CBOE,1391612
2021/11/19,SPX,I,CBOE,1722693
2021/11/22,SPX,I,CBOE,2054790
2021/11/23,SPX,I,CBOE,1387982
2021/11/24,SPX,I,CBOE,1571607
2021/11/26,SPX,I,CBOE,1683724
2021/11/29,SPX,I,CBOE,1774974
2021/11/30,SPX,I,CBOE,1794016
2021/12/01,SPX,I,CBOE,2260827
2021/12/02,SPX,I,CBOE,1452264
2021/12/03,SPX,I,CBOE,2185043
2021/12/06,SPX,I,CBOE,1914150
2021/12/07,SPX,I,CBOE,1531872
2021/12/08,SPX,I,CBOE,1371104
2021/12/09,SPX,I,CBOE,1143602
2021/12/10,SPX,I,CBOE,1747647
2021/12/13,SPX,I,CBOE,1561393
2021/12/14,SPX,I,CBOE,1427817
2021/12/15,SPX,I,CBOE,1759216
2021/12/16,SPX,I,CBOE,1693325
2021/12/17,SPX,I,CBOE,1880717
2021/12/20,SPX,I,CBOE,1642521
2021/12/21,SPX,I,CBOE,1399461
2021/12/22,SPX,I,CBOE,1434154
2021/12/23,SPX,I,CBOE,1444158
2021/12/27,SPX,I,CBOE,1508648
2021/12/28,SPX,I,CBOE,1040599
2021/12/29,SPX,I,CBOE,1170969
2021/12/30,SPX,I,CBOE,1032966
2021/12/31,SPX,I,CBOE,1638703
2022/01/03,SPX,I,CBOE,1446963
2022/01/04,SPX,I,CBOE,1200419
2022/01/05,SPX,I,CBOE,1989216
2022/01/06,SPX,I,CBOE,1299409
2022/01/07,SPX,I,CBOE,1651386
2022/01/10,SPX,I,CBOE,2145412
2022/01/11,SPX,I,CBOE,1232889
2022/01/12,SPX,I,CBOE,1634364
2022/01/13,SPX,I,CBOE,1214367
2022/01/14,SPX,I,CBOE,1813770
2022/01/18,SPX,I,CBOE,1935152
2022/01/19,SPX,I,CBOE,1995815
2022/01/20,SPX,I,CBOE,1886731
2022/01/21,SPX,I,CBOE,2600818
2022/01/24,SPX,I,CBOE,3043563
2022/01/25,SPX,I,CBOE,1767693
2022/01/26,SPX,I,CBOE,1930532
2022/01/27,SPX,I,CBOE,1468205
2022/01/28,SPX,I,CBOE,2097562
2022/01/31,SPX,I,CBOE,2153011
2022/02/01,SPX,I,CBOE,1240866
2022/02/02,SPX,I,CBOE,1689307
2022/02/03,SPX,I,CBOE,1251217
2022/02/04,SPX,I,CBOE,1754455
2022/02/07,SPX,I,CBOE,1540603
2022/02/08,SPX,I,CBOE,1160182
2022/02/09,SPX,I,CBOE,1684070
2022/02/10,SPX,I,CBOE,1510434
2022/02/11,SPX,I,CBOE,2250878
2022/02/14,SPX,I,CBOE,1851362
2022/02/15,SPX,I,CBOE,1331298
2022/02/16,SPX,I,CBOE,1630897
2022/02/17,SPX,I,CBOE,1629167
2022/02/18,SPX,I,CBOE,2048877
2022/02/22,SPX,I,CBOE,2002855
2022/02/23,SPX,I,CBOE,2065558
2022/02/24,SPX,I,CBOE,1986143
2022/02/25,SPX,I,CBOE,2232845
2022/02/28,SPX,I,CBOE,1791043
2022/03/01,SPX,I,CBOE,1374238
2022/03/02,SPX,I,CBOE,1635216
2022/03/03,SPX,I,CBOE,1149073
2022/03/04,SPX,I,CBOE,1829482
2022/03/07,SPX,I,CBOE,1845906
2022/03/08,SPX,I,CBOE,1540516
2022/03/09,SPX,I,CBOE,1724712
2022/03/10,SPX,I,CBOE,1410030
2022/03/11,SPX,I,CBOE,1892136
2022/03/14,SPX,I,CBOE,1785284
2022/03/15,SPX,I,CBOE,1436698
2022/03/16,SPX,I,CBOE,2002261
2022/03/17,SPX,I,CBOE,1515769
2022/03/18,SPX,I,CBOE,1864218
2022/03/21,SPX,I,CBOE,1762908
2022/03/22,SPX,I,CBOE,1529621
2022/03/23,SPX,I,CBOE,1485778
2022/03/24,SPX,I,CBOE,1117985
2022/03/25,SPX,I,CBOE,1915173
2022/03/28,SPX,I,CBOE,1782742
2022/03/29,SPX,I,CBOE,1661148
2022/03/30,SPX,I,CBOE,1738031
2022/03/31,SPX,I,CBOE,2044263
2022/04/01,SPX,I,CBOE,1951284
2022/04/04,SPX,I,CBOE,1481428
2022/04/05,SPX,I,CBOE,1280526
2022/04/06,SPX,I,CBOE,1900379
2022/04/07,SPX,I,CBOE,1178721
2022/04/08,SPX,I,CBOE,1648634
2022/04/11,SPX,I,CBOE,1761813
2022/04/12,SPX,I,CBOE,1521089
2022/04/13,SPX,I,CBOE,1928941
2022/04/14,SPX,I,CBOE,1842215
2022/04/18,SPX,I,CBOE,1654927
2022/04/19,SPX,I,CBOE,1294932
2022/04/20,SPX,I,CBOE,1591732
2022/04/21,SPX,I,CBOE,1582343
2022/04/22,SPX,I,CBOE,2580341
2022/04/25,SPX,I,CBOE,2531765
2022/04/26,SPX,I,CBOE,1988705
2022/04/27,SPX,I,CBOE,2101122
2022/04/28,SPX,I,CBOE,1530482
2022/04/29,SPX,I,CBOE,2390119
2022/05/02,SPX,I,CBOE,2502338
2022/05/03,SPX,I,CBOE,1719828
2022/05/04,SPX,I,CBOE,1920752
2022/05/05,SPX,I,CBOE,1737340
2022/05/06,SPX,I,CBOE,2162074
2022/05/09,SPX,I,CBOE,2233867
2022/05/10,SPX,I,CBOE,2214675
2022/05/11,SPX,I,CBOE,2232209
2022/05/12,SPX,I,CBOE,2125065
2022/05/13,SPX,I,CBOE,2351374
2022/05/16,SPX,I,CBOE,2010125
2022/05/17,SPX,I,CBOE,1957103
2022/05/18,SPX,I,CBOE,2702447
2022/05/19,SPX,I,CBOE,2454921
2022/05/20,SPX,I,CBOE,2748054
2022/05/23,SPX,I,CBOE,2059364
2022/05/24,SPX,I,CBOE,1842536
2022/05/25,SPX,I,CBOE,1868859
2022/05/26,SPX,I,CBOE,2074504
2022/05/27,SPX,I,CBOE,2444681
2022/05/31,SPX,I,CBOE,2162687
2022/06/01,SPX,I,CBOE,2180833
2022/06/02,SPX,I,CBOE,1983062
2022/06/03,SPX,I,CBOE,1905073
2022/06/06,SPX,I,CBOE,1715362
2022/06/07,SPX,I,CBOE,1899494
2022/06/08,SPX,I,CBOE,1797204
2022/06/09,SPX,I,CBOE,2138715
2022/06/10,SPX,I,CBOE,2951523
2022/06/13,SPX,I,CBOE,3138595
2022/06/14,SPX,I,CBOE,2698043
2022/06/15,SPX,I,CBOE,2293009
2022/06/16,SPX,I,CBOE,3115536
2022/06/17,SPX,I,CBOE,2501627
2022/06/21,SPX,I,CBOE,2120169
2022/06/22,SPX,I,CBOE,2169839
2022/06/23,SPX,I,CBOE,1980845
2022/06/24,SPX,I,CBOE,2581085
2022/06/27,SPX,I,CBOE,1830493
2022/06/28,SPX,I,CBOE,2380948
2022/06/29,SPX,I,CBOE,2059841
2022/06/30,SPX,I,CBOE,2526091
2022/07/01,SPX,I,CBOE,2049345
2022/07/05,SPX,I,CBOE,2097581
2022/07/06,SPX,I,CBOE,1768834
2022/07/07,SPX,I,CBOE,1835767
2022/07/08,SPX,I,CBOE,2070829
2022/07/11,SPX,I,CBOE,1721787
2022/07/12,SPX,I,CBOE,1907403
2022/07/13,SPX,I,CBOE,2346401
2022/07/14,SPX,I,CBOE,2483975
2022/07/15,SPX,I,CBOE,2032858
2022/07/18,SPX,I,CBOE,2041961
2022/07/19,SPX,I,CBOE,2492080
2022/07/20,SPX,I,CBOE,2378712
2022/07/21,SPX,I,CBOE,2068577
2022/07/22,SPX,I,CBOE,2220554
2022/07/25,SPX,I,CBOE,1670612
2022/07/26,SPX,I,CBOE,1671919
2022/07/27,SPX,I,CBOE,2005524
2022/07/28,SPX,I,CBOE,2480155
2022/07/29,SPX,I,CBOE,2671997
2022/08/01,SPX,I,CBOE,2114860
2022/08/02,SPX,I,CBOE,2123688
2022/08/03,SPX,I,CBOE,2217051
2022/08/04,SPX,I,CBOE,1777302
2022/08/05,SPX,I,CBOE,2157774
2022/08/08,SPX,I,CBOE,2129277
2022/08/09,SPX,I,CBOE,1613187
2022/08/10,SPX,I,CBOE,2441523
2022/08/11,SPX,I,CBOE,2539391
2022/08/12,SPX,I,CBOE,2275615
2022/08/15,SPX,I,CBOE,2209047
2022/08/16,SPX,I,CBOE,2354880
2022/08/17,SPX,I,CBOE,2542873
2022/08/18,SPX,I,CBOE,2284529
2022/08/19,SPX,I,CBOE,2257572
2022/08/22,SPX,I,CBOE,2354703
2022/08/23,SPX,I,CBOE,1893417
2022/08/24,SPX,I,CBOE,1835791
2022/08/25,SPX,I,CBOE,2001224
2022/08/26,SPX,I,CBOE,2752474
2022/08/29,SPX,I,CBOE,2309516
2022/08/30,SPX,I,CBOE,2729143
2022/08/31,SPX,I,CBOE,2440950
2022/09/01,SPX,I,CBOE,2578904
2022/09/02,SPX,I,CBOE,3045113
2022/09/06,SPX,I,CBOE,2544626
2022/09/07,SPX,I,CBOE,2560993
2022/09/08,SPX,I,CBOE,2511411
2022/09/09,SPX,I,CBOE,2619447
2022/09/12,SPX,I,CBOE,2616482
2022/09/13,SPX,I,CBOE,3155041
2022/09/14,SPX,I,CBOE,2702494
2022/09/15,SPX,I,CBOE,2867168
2022/09/16,SPX,I,CBOE,2793604
2022/09/19,SPX,I,CBOE,2292663
2022/09/20,SPX,I,CBOE,2505186
2022/09/21,SPX,I,CBOE,2348036
2022/09/22,SPX,I,CBOE,3062176
2022/09/23,SPX,I,CBOE,3790156
2022/09/26,SPX,I,CBOE,2835491
2022/09/27,SPX,I,CBOE,3196167
2022/09/28,SPX,I,CBOE,2944994
2022/09/29,SPX,I,CBOE,2975708
2022/09/30,SPX,I,CBOE,3283447
2022/10/03,SPX,I,CBOE,2717875
2022/10/04,SPX,I,CBOE,3031800
2022/10/05,SPX,I,CBOE,2697460
2022/10/06,SPX,I,CBOE,2476291
2022/10/07,SPX,I,CBOE,3235004
2022/10/10,SPX,I,CBOE,2917910
2022/10/11,SPX,I,CBOE,2967080
2022/10/12,SPX,I,CBOE,2225535
2022/10/13,SPX,I,CBOE,3855320
2022/10/14,SPX,I,CBOE,3057882
2022/10/17,SPX,I,CBOE,2707110
2022/10/18,SPX,I,CBOE,3235541
2022/10/19,SPX,I,CBOE,2574250
2022/10/20,SPX,I,CBOE,2959272
2022/10/21,SPX,I,CBOE,3141637
2022/10/24,SPX,I,CBOE,2662251
2022/10/25,SPX,I,CBOE,2724774
2022/10/26,SPX,I,CBOE,3080683
2022/10/27,SPX,I,CBOE,2623350
2022/10/28,SPX,I,CBOE,3220435
2022/10/31,SPX,I,CBOE,2637859
2022/11/01,SPX,I,CBOE,2392817
2022/11/02,SPX,I,CBOE,2404645
2022/11/03,SPX,I,CBOE,2780683
2022/11/04,SPX,I,CBOE,3283636
2022/11/07,SPX,I,CBOE,2248624
2022/11/08,SPX,I,CBOE,2962044
2022/11/09,SPX,I,CBOE,2594980
2022/11/10,SPX,I,CBOE,3569189
2022/11/11,SPX,I,CBOE,3127990
2022/11/14,SPX,I,CBOE,2513012
2022/11/15,SPX,I,CBOE,3019100
2022/11/16,SPX,I,CBOE,2438837
2022/11/17,SPX,I,CBOE,2722524
2022/11/18,SPX,I,CBOE,2396520
2022/11/21,SPX,I,CBOE,1996635
2022/11/22,SPX,I,CBOE,2205913
2022/11/23,SPX,I,CBOE,2428005
2022/11/25,SPX,I,CBOE,1133231
2022/11/28,SPX,I,CBOE,2508505
2022/11/29,SPX,I,CBOE,2444410
2022/11/30,SPX,I,CBOE,3241501
2022/12/01,SPX,I,CBOE,2660271
2022/12/02,SPX,I,CBOE,2605889
2022/12/05,SPX,I,CBOE,2727184
2022/12/06,SPX,I,CBOE,3134073
2022/12/07,SPX,I,CBOE,2424549
2022/12/08,SPX,I,CBOE,2199123
2022/12/09,SPX,I,CBOE,2489924
2022/12/12,SPX,I,CBOE,2561671
2022/12/13,SPX,I,CBOE,3227787
2022/12/14,SPX,I,CBOE,2477391
2022/12/15,SPX,I,CBOE,3394977
2022/12/16,SPX,I,CBOE,2883897
2022/12/19,SPX,I,CBOE,2422671
2022/12/20,SPX,I,CBOE,2278948
2022/12/21,SPX,I,CBOE,2524395
2022/12/22,SPX,I,CBOE,2856369
2022/12/23,SPX,I,CBOE,2169757
2022/12/27,SPX,I,CBOE,1813967
2022/12/28,SPX,I,CBOE,2435672
2022/12/29,SPX,I,CBOE,2168003
2022/12/30,SPX,I,CBOE,2762077
2023/01/03,SPX,I,CBOE,2543897
2023/01/04,SPX,I,CBOE,2527630
2023/01/05,SPX,I,CBOE,2326849
2023/01/06,SPX,I,CBOE,2954572
2023/01/09,SPX,I,CBOE,2823317
2023/01/10,SPX,I,CBOE,2367188
2023/01/11,SPX,I,CBOE,2672340
2023/01/12,SPX,I,CBOE,2905532
2023/01/13,SPX,I,CBOE,2498145
2023/01/17,SPX,I,CBOE,2524072
2023/01/18,SPX,I,CBOE,3167058
2023/01/19,SPX,I,CBOE,2846221
2023/01/20,SPX,I,CBOE,2653406
2023/01/23,SPX,I,CBOE,3034302
2023/01/24,SPX,I,CBOE,2102655
2023/01/25,SPX,I,CBOE,2757593
2023/01/26,SPX,I,CBOE,2647082
2023/01/27,SPX,I,CBOE,2878295
2023/01/30,SPX,I,CBOE,2489179
2023/01/31,SPX,I,CBOE,2428327
2023/02/01,SPX,I,CBOE,2488250
2023/02/02,SPX,I,CBOE,3516466
2023/02/03,SPX,I,CBOE,2951208
2023/02/06,SPX,I,CBOE,2294431
2023/02/07,SPX,I,CBOE,2718574
2023/02/08,SPX,I,CBOE,2532617
2023/02/09,SPX,I,CBOE,2611852
2023/02/10,SPX,I,CBOE,2546917
2023/02/13,SPX,I,CBOE,2375537
2023/02/14,SPX,I,CBOE,3024601
2023/02/15,SPX,I,CBOE,2630499
2023/02/16,SPX,I,CBOE,3097734
2023/02/17,SPX,I,CBOE,2735137
2023/02/21,SPX,I,CBOE,2621396
2023/02/22,SPX,I,CBOE,2227106
2023/02/23,SPX,I,CBOE,2731227
2023/02/24,SPX,I,CBOE,2895735
2023/02/27,SPX,I,CBOE,2543295
2023/02/28,SPX,I,CBOE,2506128
2023/03/01,SPX,I,CBOE,2704040
2023/03/02,SPX,I,CBOE,2777794
2023/03/03,SPX,I,CBOE,2906470
2023/03/06,SPX,I,CBOE,2619459
2023/03/07,SPX,I,CBOE,2809881
2023/03/08,SPX,I,CBOE,2341458
2023/03/09,SPX,I,CBOE,3500065
2023/03/10,SPX,I,CBOE,4209828
2023/03/13,SPX,I,CBOE,3229745
2023/03/14,SPX,I,CBOE,3299510
2023/03/15,SPX,I,CBOE,3142287
2023/03/16,SPX,I,CBOE,3415728
2023/03/17,SPX,I,CBOE,2986738
2023/03/20,SPX,I,CBOE,2546745
2023/03/21,SPX,I,CBOE,2668177
2023/03/22,SPX,I,CBOE,2520259
2023/03/23,SPX,I,CBOE,3095179
2023/03/24,SPX,I,CBOE,2733645
2023/03/27,SPX,I,CBOE,2270594
2023/03/28,SPX,I,CBOE,2247611
2023/03/29,SPX,I,CBOE,2400094
2023/03/30,SPX,I,CBOE,2372849
2023/03/31,SPX,I,CBOE,3299143
2023/04/03,SPX,I,CBOE,2495350
2023/04/04,SPX,I,CBOE,2693000
2023/04/05,SPX,I,CBOE,2317317
2023/04/06,SPX,I,CBOE,2468652
2023/04/10,SPX,I,CBOE,2435032
2023/04/11,SPX,I,CBOE,2118929
2023/04/12,SPX,I,CBOE,2838785
2023/04/13,SPX,I,CBOE,2662845
2023/04/14,SPX,I,CBOE,2880625
2023/04/17,SPX,I,CBOE,2534911
2023/04/18,SPX,I,CBOE,2700675
2023/04/19,SPX,I,CBOE,2580539
2023/04/20,SPX,I,CBOE,2899577
2023/04/21,SPX,I,CBOE,2495189
2023/04/24,SPX,I,CBOE,2237502
2023/04/25,SPX,I,CBOE,2961883
2023/04/26,SPX,I,CBOE,2682584
2023/04/27,SPX,I,CBOE,3209538
2023/04/28,SPX,I,CBOE,3260195
2023/05/01,SPX,I,CBOE,2553255
2023/05/02,SPX,I,CBOE,3226248
2023/05/03,SPX,I,CBOE,2198570
2023/05/04,SPX,I,CBOE,3057922
2023/05/05,SPX,I,CBOE,2992616
2023/05/08,SPX,I,CBOE,2235732
2023/05/09,SPX,I,CBOE,2075715
2023/05/10,SPX,I,CBOE,3143642
2023/05/11,SPX,I,CBOE,2426053
2023/05/12,SPX,I,CBOE,2870719
2023/05/15,SPX,I,CBOE,2472305
2023/05/16,SPX,I,CBOE,2336259
2023/05/17,SPX,I,CBOE,3174023
2023/05/18,SPX,I,CBOE,3386402
2023/05/19,SPX,I,CBOE,2948346
2023/05/22,SPX,I,CBOE,2503959
2023/05/23,SPX,I,CBOE,2779708
2023/05/24,SPX,I,CBOE,2788840
2023/05/25,SPX,I,CBOE,2410030
2023/05/26,SPX,I,CBOE,2879207
2023/05/30,SPX,I,CBOE,2750414
2023/05/31,SPX,I,CBOE,2548304
2023/06/01,SPX,I,CBOE,2988976
2023/06/02,SPX,I,CBOE,3574673
2023/06/05,SPX,I,CBOE,2719259
2023/06/06,SPX,I,CBOE,2532919
2023/06/07,SPX,I,CBOE,2824612
2023/06/08,SPX,I,CBOE,2632150
2023/06/09,SPX,I,CBOE,3159637
2023/06/12,SPX,I,CBOE,2927878
2023/06/13,SPX,I,CBOE,3075455
2023/06/14,SPX,I,CBOE,2834919
2023/06/15,SPX,I,CBOE,4034773
2023/06/16,SPX,I,CBOE,3239050
2023/06/20,SPX,I,CBOE,2871686
2023/06/21,SPX,I,CBOE,2976087
2023/06/22,SPX,I,CBOE,2421621
2023/06/23,SPX,I,CBOE,2735476
2023/06/26,SPX,I,CBOE,2591348
2023/06/27,SPX,I,CBOE,2680351
2023/06/28,SPX,I,CBOE,2566589
2023/06/29,SPX,I,CBOE,2365062
2023/06/30,SPX,I,CBOE,3720694
2023/07/03,SPX,I,CBOE,1206197
2023/07/05,SPX,I,CBOE,2247191
2023/07/06,SPX,I,CBOE,2759283
2023/07/07,SPX,I,CBOE,2918344
2023/07/10,SPX,I,CBOE,2203564
2023/07/11,SPX,I,CBOE,2394764
2023/07/12,SPX,I,CBOE,2989727
2023/07/13,SPX,I,CBOE,2750372
2023/07/14,SPX,I,CBOE,2846242
2023/07/17,SPX,I,CBOE,2542196
2023/07/18,SPX,I,CBOE,3084960
2023/07/19,SPX,I,CBOE,3182364
2023/07/20,SPX,I,CBOE,2960698
2023/07/21,SPX,I,CBOE,2692619
2023/07/24,SPX,I,CBOE,2187038
2023/07/25,SPX,I,CBOE,2330193
2023/07/26,SPX,I,CBOE,2309861
2023/07/27,SPX,I,CBOE,3719310
2023/07/28,SPX,I,CBOE,2897063
2023/07/31,SPX,I,CBOE,2450756
2023/08/01,SPX,I,CBOE,2270570
2023/08/02,SPX,I,CBOE,3236050
2023/08/03,SPX,I,CBOE,2823218
2023/08/04,SPX,I,CBOE,3548662
2023/08/07,SPX,I,CBOE,2632032
2023/08/08,SPX,I,CBOE,2834503
2023/08/09,SPX,I,CBOE,3071128
2023/08/10,SPX,I,CBOE,3386494
2023/08/11,SPX,I,CBOE,2793163
2023/08/14,SPX,I,CBOE,2502412
2023/08/15,SPX,I,CBOE,2984365
2023/08/16,SPX,I,CBOE,3220825
2023/08/17,SPX,I,CBOE,3565432
2023/08/18,SPX,I,CBOE,3256243
2023/08/21,SPX,I,CBOE,2693518
2023/08/22,SPX,I,CBOE,2610108
2023/08/23,SPX,I,CBOE,2838617
2023/08/24,SPX,I,CBOE,3039818
2023/08/25,SPX,I,CBOE,3155946
2023/08/28,SPX,I,CBOE,2604702
2023/08/29,SPX,I,CBOE,3393767
2023/08/30,SPX,I,CBOE,2988680
2023/08/31,SPX,I,CBOE,2667456
2023/09/01,SPX,I,CBOE,2921108
2023/09/05,SPX,I,CBOE,2354938
2023/09/06,SPX,I,CBOE,3108847
2023/09/07,SPX,I,CBOE,2766268
2023/09/08,SPX,I,CBOE,2834920
2023/09/11,SPX,I,CBOE,2600279
2023/09/12,SPX,I,CBOE,2701086
2023/09/13,SPX,I,CBOE,2868340
2023/09/14,SPX,I,CBOE,2954080
2023/09/15,SPX,I,CBOE,3445863
2023/09/18,SPX,I,CBOE,2384501
2023/09/19,SPX,I,CBOE,2870970
2023/09/20,SPX,I,CBOE,2544207
2023/09/21,SPX,I,CBOE,3457062
2023/09/22,SPX,I,CBOE,3514270
2023/09/25,SPX,I,CBOE,2849059
2023/09/26,SPX,I,CBOE,3411074
2023/09/27,SPX,I,CBOE,3715037
2023/09/28,SPX,I,CBOE,3137380
2023/09/29,SPX,I,CBOE,4094912
2023/10/02,SPX,I,CBOE,3043044
2023/10/03,SPX,I,CBOE,3801029
2023/10/04,SPX,I,CBOE,3492848
2023/10/05,SPX,I,CBOE,3007851
2023/10/06,SPX,I,CBOE,4299770
2023/10/09,SPX,I,CBOE,3046012
2023/10/10,SPX,I,CBOE,3454152
2023/10/11,SPX,I,CBOE,2975885
2023/10/12,SPX,I,CBOE,3536223
2023/10/13,SPX,I,CBOE,3773839
2023/10/16,SPX,I,CBOE,3257019
2023/10/17,SPX,I,CBOE,3296835
2023/10/18,SPX,I,CBOE,3620044
2023/10/19,SPX,I,CBOE,3829550
2023/10/20,SPX,I,CBOE,4110253
2023/10/23,SPX,I,CBOE,3296889
2023/10/24,SPX,I,CBOE,3018818
2023/10/25,SPX,I,CBOE,3269978
2023/10/26,SPX,I,CBOE,4039672
2023/10/27,SPX,I,CBOE,3880446
2023/10/30,SPX,I,CBOE,3422051
2023/10/31,SPX,I,CBOE,3046331
2023/11/01,SPX,I,CBOE,3139924
2023/11/02,SPX,I,CBOE,3802753
2023/11/03,SPX,I,CBOE,4012404
2023/11/06,SPX,I,CBOE,3025513
2023/11/07,SPX,I,CBOE,2918908
2023/11/08,SPX,I,CBOE,2980314
2023/11/09,SPX,I,CBOE,3268492
2023/11/10,SPX,I,CBOE,3846032
2023/11/13,SPX,I,CBOE,2828373
2023/11/14,SPX,I,CBOE,4386325
2023/11/15,SPX,I,CBOE,3364804
2023/11/16,SPX,I,CBOE,3049760
2023/11/17,SPX,I,CBOE,2933778
2023/11/20,SPX,I,CBOE,3116760
2023/11/21,SPX,I,CBOE,2370482
2023/11/22,SPX,I,CBOE,2999930
2023/11/24,SPX,I,CBOE,1371240
2023/11/27,SPX,I,CBOE,2556871
2023/11/28,SPX,I,CBOE,3034043
2023/11/29,SPX,I,CBOE,3293269
2023/11/30,SPX,I,CBOE,3073510
2023/12/01,SPX,I,CBOE,3270692
2023/12/04,SPX,I,CBOE,2914543
2023/12/05,SPX,I,CBOE,2670027
2023/12/06,SPX,I,CBOE,3051428
2023/12/07,SPX,I,CBOE,3058617
2023/12/08,SPX,I,CBOE,3568028
2023/12/11,SPX,I,CBOE,2983139
2023/12/12,SPX,I,CBOE,3300476
2023/12/13,SPX,I,CBOE,3881672
2023/12/14,SPX,I,CBOE,4740537
2023/12/15,SPX,I,CBOE,3436364
2023/12/18,SPX,I,CBOE,3023624
2023/12/19,SPX,I,CBOE,3058402
2023/12/20,SPX,I,CBOE,4198961
2023/12/21,SPX,I,CBOE,3340229
2023/12/22,SPX,I,CBOE,3018977
2023/12/26,SPX,I,CBOE,2204020
2023/12/27,SPX,I,CBOE,2608804
2023/12/28,SPX,I,CBOE,2507318
2023/12/29,SPX,I,CBOE,3295431
2024/01/02,SPX,I,CBOE,3108976
2024/01/03,SPX,I,CBOE,3116740
2024/01/04,SPX,I,CBOE,2956605
2024/01/05,SPX,I,CBOE,3577151
2024/01/08,SPX,I,CBOE,3444944
2024/01/09,SPX,I,CBOE,2943430
2024/01/10,SPX,I,CBOE,3397412
2024/01/11,SPX,I,CBOE,3568675
2024/01/12,SPX,I,CBOE,3351878
2024/01/16,SPX,I,CBOE,3466091
2024/01/17,SPX,I,CBOE,3648352
2024/01/18,SPX,I,CBOE,3782172
2024/01/19,SPX,I,CBOE,4446626
2024/01/22,SPX,I,CBOE,3426867
2024/01/23,SPX,I,CBOE,2426634
2024/01/24,SPX,I,CBOE,3721634
2024/01/25,SPX,I,CBOE,2888947
2024/01/26,SPX,I,CBOE,2998522
2024/01/29,SPX,I,CBOE,2891284
2024/01/30,SPX,I,CBOE,2648394
2024/01/31,SPX,I,CBOE,3099770
2024/02/01,SPX,I,CBOE,3308734
2024/02/02,SPX,I,CBOE,4166158
2024/02/05,SPX,I,CBOE,3437075
2024/02/06,SPX,I,CBOE,2646818
2024/02/07,SPX,I,CBOE,3344110
2024/02/08,SPX,I,CBOE,2407227
2024/02/09,SPX,I,CBOE,3148198
2024/02/12,SPX,I,CBOE,3235636
2024/02/13,SPX,I,CBOE,4142738
2024/02/14,SPX,I,CBOE,3736898
2024/02/15,SPX,I,CBOE,3202325
2024/02/16,SPX,I,CBOE,3290500
2024/02/20,SPX,I,CBOE,3105035
2024/02/21,SPX,I,CBOE,2937487
2024/02/22,SPX,I,CBOE,3888809
2024/02/23,SPX,I,CBOE,3219276
2024/02/26,SPX,I,CBOE,2759842
2024/02/27,SPX,I,CBOE,2617573
2024/02/28,SPX,I,CBOE,2717327
2024/02/29,SPX,I,CBOE,3059712
2024/03/01,SPX,I,CBOE,3607646
2024/03/04,SPX,I,CBOE,2670358
2024/03/05,SPX,I,CBOE,3834919
2024/03/06,SPX,I,CBOE,3123180
2024/03/07,SPX,I,CBOE,3334640
2024/03/08,SPX,I,CBOE,4367377
2024/03/11,SPX,I,CBOE,2985773
2024/03/12,SPX,I,CBOE,3617619
2024/03/13,SPX,I,CBOE,2850909
2024/03/14,SPX,I,CBOE,3929203
2024/03/15,SPX,I,CBOE,3446558
2024/03/18,SPX,I,CBOE,2666878
2024/03/19,SPX,I,CBOE,3049831
2024/03/20,SPX,I,CBOE,2825304
2024/03/21,SPX,I,CBOE,3181764
2024/03/22,SPX,I,CBOE,2894345
2024/03/25,SPX,I,CBOE,2347841
2024/03/26,SPX,I,CBOE,2414174
2024/03/27,SPX,I,CBOE,3163566
2024/03/28,SPX,I,CBOE,3105754
2024/04/01,SPX,I,CBOE,2651884
2024/04/02,SPX,I,CBOE,2908574
2024/04/03,SPX,I,CBOE,2849191
2024/04/04,SPX,I,CBOE,3938101
2024/04/05,SPX,I,CBOE,3784037
2024/04/08,SPX,I,CBOE,2472994
2024/04/09,SPX,I,CBOE,3077359
2024/04/10,SPX,I,CBOE,3144569
2024/04/11,SPX,I,CBOE,3232705
2024/04/12,SPX,I,CBOE,3951184
2024/04/15,SPX,I,CBOE,3897315
2024/04/16,SPX,I,CBOE,3144296
2024/04/17,SPX,I,CBOE,3759758
2024/04/18,SPX,I,CBOE,3335651
2024/04/19,SPX,I,CBOE,3924364
2024/04/22,SPX,I,CBOE,3537125
2024/04/23,SPX,I,CBOE,3182134
2024/04/24,SPX,I,CBOE,2963607
2024/04/25,SPX,I,CBOE,3300284
2024/04/26,SPX,I,CBOE,2990910
2024/04/29,SPX,I,CBOE,2645358
2024/04/30,SPX,I,CBOE,3223780
2024/05/01,SPX,I,CBOE,2665560
2024/05/02,SPX,I,CBOE,2893804
2024/05/03,SPX,I,CBOE,3243695
2024/05/06,SPX,I,CBOE,2778445
2024/05/07,SPX,I,CBOE,2734018
2024/05/08,SPX,I,CBOE,2377867
2024/05/09,SPX,I,CBOE,2519353
2024/05/10,SPX,I,CBOE,2749180
2024/05/13,SPX,I,CBOE,2280324
2024/05/14,SPX,I,CBOE,2800303
2024/05/15,SPX,I,CBOE,3552346
2024/05/16,SPX,I,CBOE,2912732
2024/05/17,SPX,I,CBOE,2641930
2024/05/20,SPX,I,CBOE,2435495
2024/05/21,SPX,I,CBOE,2324767
2024/05/22,SPX,I,CBOE,2732298
2024/05/23,SPX,I,CBOE,3401598
2024/05/24,SPX,I,CBOE,2900931
2024/05/28,SPX,I,CBOE,2549337
2024/05/29,SPX,I,CBOE,2670206
2024/05/30,SPX,I,CBOE,2697748
2024/05/31,SPX,I,CBOE,3814803
2024/06/03,SPX,I,CBOE,2906569
2024/06/04,SPX,I,CBOE,2724258
2024/06/05,SPX,I,CBOE,3117957
2024/06/06,SPX,I,CBOE,2483218
2024/06/07,SPX,I,CBOE,3014325
2024/06/10,SPX,I,CBOE,2423060
2024/06/11,SPX,I,CBOE,2805669
2024/06/12,SPX,I,CBOE,3399232
2024/06/13,SPX,I,CBOE,3024936
2024/06/14,SPX,I,CBOE,3181980
2024/06/17,SPX,I,CBOE,3952638
2024/06/18,SPX,I,CBOE,3314830
2024/06/20,SPX,I,CBOE,3661043
2024/06/21,SPX,I,CBOE,3038443
2024/06/24,SPX,I,CBOE,2853659
2024/06/25,SPX,I,CBOE,2429757
2024/06/26,SPX,I,CBOE,2408670
2024/06/27,SPX,I,CBOE,2464191
2024/06/28,SPX,I,CBOE,4013803
2024/07/01,SPX,I,CBOE,2780663
2024/07/02,SPX,I,CBOE,2760666
2024/07/03,SPX,I,CBOE,2067551
2024/07/05,SPX,I,CBOE,3149182
2024/07/08,SPX,I,CBOE,2621049
2024/07/09,SPX,I,CBOE,2502490
2024/07/10,SPX,I,CBOE,3160604
2024/07/11,SPX,I,CBOE,3461892
2024/07/12,SPX,I,CBOE,3842414
2024/07/15,SPX,I,CBOE,3397152
2024/07/16,SPX,I,CBOE,2999271
2024/07/17,SPX,I,CBOE,3440432
2024/07/18,SPX,I,CBOE,4135039
2024/07/19,SPX,I,CBOE,3539562
2024/07/22,SPX,I,CBOE,3134444
2024/07/23,SPX,I,CBOE,2803129
2024/07/24,SPX,I,CBOE,4074745
2024/07/25,SPX,I,CBOE,3852947
2024/07/26,SPX,I,CBOE,3176490
2024/07/29,SPX,I,CBOE,2604975
2024/07/30,SPX,I,CBOE,3068043
2024/07/31,SPX,I,CBOE,2866459
2024/08/01,SPX,I,CBOE,3901545
2024/08/02,SPX,I,CBOE,4299835
2024/08/05,SPX,I,CBOE,4476128
2024/08/06,SPX,I,CBOE,3482929
2024/08/07,SPX,I,CBOE,3622776
2024/08/08,SPX,I,CBOE,2971111
2024/08/09,SPX,I,CBOE,2920623
2024/08/12,SPX,I,CBOE,2698728
2024/08/13,SPX,I,CBOE,2954797
2024/08/14,SPX,I,CBOE,2800648
2024/08/15,SPX,I,CBOE,3459169
2024/08/16,SPX,I,CBOE,2730166
2024/08/19,SPX,I,CBOE,2654852
2024/08/20,SPX,I,CBOE,2605458
2024/08/21,SPX,I,CBOE,2638276
2024/08/22,SPX,I,CBOE,3145798
2024/08/23,SPX,I,CBOE,2991872
2024/08/26,SPX,I,CBOE,2340408
2024/08/27,SPX,I,CBOE,2232191
2024/08/28,SPX,I,CBOE,2802553
2024/08/29,SPX,I,CBOE,2917921
2024/08/30,SPX,I,CBOE,2881268
2024/09/03,SPX,I,CBOE,3393827
2024/09/04,SPX,I,CBOE,2931882
2024/09/05,SPX,I,CBOE,3079043
2024/09/06,SPX,I,CBOE,3797311
2024/09/09,SPX,I,CBOE,2983620
2024/09/10,SPX,I,CBOE,2729097
2024/09/11,SPX,I,CBOE,3869652
2024/09/12,SPX,I,CBOE,3164706
2024/09/13,SPX,I,CBOE,3110611
2024/09/16,SPX,I,CBOE,2479649
2024/09/17,SPX,I,CBOE,2993094
2024/09/18,SPX,I,CBOE,2708664
2024/09/19,SPX,I,CBOE,3731471
2024/09/20,SPX,I,CBOE,3238833
2024/09/23,SPX,I,CBOE,2374173
2024/09/24,SPX,I,CBOE,2467200
2024/09/25,SPX,I,CBOE,2455350
2024/09/26,SPX,I,CBOE,2906985
2024/09/27,SPX,I,CBOE,2827452
2024/09/30,SPX,I,CBOE,3249423
2024/10/01,SPX,I,CBOE,3250630
2024/10/02,SPX,I,CBOE,2741522
2024/10/03,SPX,I,CBOE,2779896
2024/10/04,SPX,I,CBOE,3424190
2024/10/07,SPX,I,CBOE,2969552
2024/10/08,SPX,I,CBOE,2822456
2024/10/09,SPX,I,CBOE,3226535
2024/10/10,SPX,I,CBOE,2839566
2024/10/11,SPX,I,CBOE,3226089
2024/10/14,SPX,I,CBOE,2862188
2024/10/15,SPX,I,CBOE,3542137
2024/10/16,SPX,I,CBOE,2905490
2024/10/17,SPX,I,CBOE,3244511
2024/10/18,SPX,I,CBOE,2875313
2024/10/21,SPX,I,CBOE,2782716
2024/10/22,SPX,I,CBOE,2681923
2024/10/23,SPX,I,CBOE,3919691
2024/10/24,SPX,I,CBOE,2740008
2024/10/25,SPX,I,CBOE,3591605
2024/10/28,SPX,I,CBOE,2449059
2024/10/29,SPX,I,CBOE,2850942
2024/10/30,SPX,I,CBOE,2913635
2024/10/31,SPX,I,CBOE,3846855
2024/11/01,SPX,I,CBOE,3228905
2024/11/04,SPX,I,CBOE,2957994
2024/11/05,SPX,I,CBOE,2823523
2024/11/06,SPX,I,CBOE,3751969
2024/11/07,SPX,I,CBOE,2974041
2024/11/08,SPX,I,CBOE,3103342
2024/11/11,SPX,I,CBOE,2958513
2024/11/12,SPX,I,CBOE,3148950
2024/11/13,SPX,I,CBOE,3260679
2024/11/14,SPX,I,CBOE,3402099
2024/11/15,SPX,I,CBOE,4188319
2024/11/18,SPX,I,CBOE,3034428
2024/11/19,SPX,I,CBOE,3439985
2024/11/20,SPX,I,CBOE,3181786
2024/11/21,SPX,I,CBOE,3393765
2024/11/22,SPX,I,CBOE,2947003
2024/11/25,SPX,I,CBOE,3130245
2024/11/26,SPX,I,CBOE,2835893
2024/11/27,SPX,I,CBOE,2726140
2024/11/29,SPX,I,CBOE,2052344
2024/12/02,SPX,I,CBOE,2648679
2024/12/03,SPX,I,CBOE,2555593
2024/12/04,SPX,I,CBOE,2888723
2024/12/05,SPX,I,CBOE,2811145
2024/12/06,SPX,I,CBOE,2917110
2024/12/09,SPX,I,CBOE,2989597
2024/12/10,SPX,I,CBOE,2763626
2024/12/11,SPX,I,CBOE,2710828
2024/12/12,SPX,I,CBOE,2738327
2024/12/13,SPX,I,CBOE,3158994
2024/12/16,SPX,I,CBOE,3079504
2024/12/17,SPX,I,CBOE,3179052
2024/12/18,SPX,I,CBOE,4220612
2024/12/19,SPX,I,CBOE,4087845
2024/12/20,SPX,I,CBOE,4398331
2024/12/23,SPX,I,CBOE,3107821
2024/12/24,SPX,I,CBOE,2233403
2024/12/26,SPX,I,CBOE,2695448
2024/12/27,SPX,I,CBOE,4037793
2024/12/30,SPX,I,CBOE,3485147
2024/12/31,SPX,I,CBOE,3536432
2025/01/02,SPX,I,CBOE,3502678
2025/01/03,SPX,I,CBOE,3070650
2025/01/06,SPX,I,CBOE,3653829
2025/01/07,SPX,I,CBOE,4180863
2025/01/08,SPX,I,CBOE,3003756
2025/01/09,SPX,I,CBOE,30594
2025/01/10,SPX,I,CBOE,4106709
2025/01/13,SPX,I,CBOE,3204642
2025/01/14,SPX,I,CBOE,3346729
2025/01/15,SPX,I,CBOE,3711936
2025/01/16,SPX,I,CBOE,3176594
2025/01/17,SPX,I,CBOE,3790959
2025/01/21,SPX,I,CBOE,3321643
2025/01/22,SPX,I,CBOE,3629822
2025/01/23,SPX,I,CBOE,3178667
2025/01/24,SPX,I,CBOE,3334940
2025/01/27,SPX,I,CBOE,3595929
